Timestamp,PM2.5 (µg/m³),PM10 (µg/m³),NO (µg/m³),NO2 (µg/m³),NOx (ppb),NH3 (µg/m³),SO2 (µg/m³),CO (mg/m³),Ozone (µg/m³),Benzene (µg/m³),Toluene (µg/m³),Xylene (µg/m³),O Xylene (µg/m³),Eth-Benzene (µg/m³),MP-Xylene (µg/m³),AT (°C),RH (%),WS (m/s),WD (deg),RF (mm),TOT-RF (mm),SR (W/mt2),BP (mmHg),VWS (m/s)
2024-01-01,59.29,110.75,7.15,18.62,19.56,17.39,14.17,1.33,15.19,1.96,2.96,,,0.53,0.46,26.64,75.55,1.5,156.63,0.0,0.0,114.82,859.84,-0.47
2024-01-02,46.35,90.18,7.71,16.56,19.8,16.99,12.66,1.13,15.45,1.89,3.09,,,0.39,0.43,27.09,75.8,1.31,186.39,0.0,0.0,100.81,858.83,-0.48
2024-01-03,54.14,106.41,9.39,18.44,22.62,16.91,13.0,1.07,14.55,1.62,3.48,,,0.42,0.52,27.1,79.37,1.21,155.9,0.0,0.0,75.69,857.45,-0.48
2024-01-04,47.89,92.73,10.56,21.32,26.41,17.26,13.55,1.19,13.17,1.96,6.29,,,0.4,0.47,27.16,83.49,1.15,175.4,0.01,0.0,80.65,857.29,-0.48
2024-01-05,38.64,81.63,8.9,18.12,21.96,18.22,14.0,0.97,13.19,1.8,7.0,,,0.46,0.41,27.44,81.54,1.54,155.04,0.0,0.0,87.78,857.11,-0.46
2024-01-06,24.76,56.71,6.1,15.9,18.47,15.02,14.41,1.43,13.41,1.33,2.91,,,0.42,0.38,27.37,84.14,1.95,128.75,0.0,0.0,65.92,856.86,-0.45
2024-01-07,26.45,56.52,9.51,19.52,25.06,27.24,13.57,1.07,13.22,1.19,2.13,,,0.37,0.32,24.51,88.8,1.83,130.85,0.19,0.1,51.96,856.72,-0.45
2024-01-08,32.79,65.18,13.36,26.78,31.06,17.88,13.92,1.36,14.16,1.18,2.1,,,0.43,0.37,27.21,88.39,1.35,150.18,0.1,0.06,53.12,858.17,-0.47
2024-01-09,38.77,79.12,5.41,14.68,16.96,16.21,13.03,1.3,18.22,1.18,1.8,,,0.43,0.37,27.77,82.95,1.57,141.36,0.0,0.0,124.64,858.97,-0.46
2024-01-10,42.83,87.55,11.92,21.08,30.07,13.96,13.6,1.14,22.81,1.66,5.12,,,0.38,0.36,27.77,80.15,1.4,157.4,0.0,0.0,139.27,858.81,-0.47
2024-01-11,45.95,95.91,12.33,21.52,30.32,14.86,15.07,1.05,20.57,1.64,4.04,,,0.43,0.4,27.6,78.92,1.47,148.36,0.0,0.0,146.16,859.11,-0.47
2024-01-12,52.51,107.95,11.71,19.22,27.48,18.03,14.19,1.07,18.72,1.88,3.72,,,0.46,0.45,27.62,81.13,1.2,151.44,0.0,0.0,140.09,858.84,-0.48
2024-01-13,74.43,148.88,11.53,18.77,26.68,16.7,14.65,1.02,18.06,1.7,3.69,,,0.47,0.48,27.09,83.7,1.13,155.88,0.0,0.0,131.85,858.8,-0.48
2024-01-14,114.38,209.42,14.42,21.48,31.03,19.22,16.28,1.09,15.7,4.57,4.15,,,0.62,0.64,26.45,80.19,0.99,146.32,0.0,0.0,136.61,858.28,-0.48
2024-01-15,73.25,142.3,11.35,16.79,24.56,17.11,14.04,0.74,13.5,2.08,2.97,,,0.46,0.51,27.12,79.4,0.91,150.61,0.0,0.0,138.49,858.11,-0.49
2024-01-16,43.02,91.18,11.17,16.92,24.83,15.54,13.77,1.24,14.12,1.53,2.49,,,0.48,0.5,27.08,72.62,1.04,156.93,0.0,0.0,160.48,857.41,-0.49
2024-01-17,28.78,67.89,12.09,17.52,26.04,14.99,12.59,1.06,13.87,3.63,2.86,,,0.45,0.65,26.26,73.85,1.0,182.35,0.0,0.0,157.68,857.46,-0.49
2024-01-18,35.24,79.35,15.0,19.1,29.63,16.63,8.89,0.79,12.12,2.13,3.25,,,0.46,0.59,25.74,78.3,0.94,171.57,0.0,0.0,150.78,857.65,-0.48
2024-01-19,32.74,75.32,10.94,17.98,24.4,16.76,7.19,1.04,13.26,2.0,4.34,,,0.47,0.56,,80.45,1.09,189.3,0.0,0.0,136.74,832.0,-0.48
2024-01-20,36.1,83.63,8.71,15.44,20.03,15.98,7.33,0.82,12.8,1.92,4.85,,,0.44,0.47,,78.06,1.09,191.88,0.0,0.0,138.48,832.42,-0.48
2024-01-21,31.47,74.35,11.79,15.57,21.79,15.28,6.72,1.08,12.88,2.42,6.57,,,0.51,0.58,,75.68,0.85,173.41,0.0,0.0,151.8,832.59,-0.49
2024-01-22,35.43,79.38,17.14,17.79,30.71,16.53,6.69,0.96,11.08,2.46,5.12,,,0.49,0.58,28.36,77.44,0.93,156.38,0.0,0.0,148.96,858.96,-0.49
2024-01-23,46.29,92.71,14.77,17.88,29.18,19.51,4.75,0.83,9.81,2.2,3.79,,,0.49,0.75,27.91,76.82,1.18,172.62,0.0,0.0,143.96,858.84,-0.49
2024-01-24,52.78,111.4,13.9,19.6,28.94,17.78,4.91,0.96,7.78,2.4,5.44,,,0.7,1.16,27.95,74.67,1.16,151.86,0.0,0.0,156.07,858.78,-0.48
2024-01-25,51.29,103.59,12.89,16.45,25.13,16.58,4.79,0.91,7.74,2.08,4.16,,,0.59,0.79,28.18,74.52,1.09,133.48,0.0,0.0,157.65,859.42,-0.48
2024-01-26,51.33,110.18,14.78,16.75,27.55,18.35,5.06,0.96,11.08,2.54,4.39,,,0.46,0.5,27.32,77.41,1.1,169.14,0.0,0.0,126.36,860.46,-0.48
2024-01-27,45.46,92.2,10.74,14.72,21.99,20.16,5.92,0.86,7.67,2.23,3.32,,,0.44,0.41,27.92,76.18,1.45,175.77,0.0,0.0,157.32,860.36,-0.46
2024-01-28,41.71,83.39,8.99,13.16,19.21,17.36,4.41,0.91,11.51,2.22,2.41,,,0.63,1.13,28.02,72.88,1.51,157.99,0.0,0.0,132.56,860.23,-0.47
2024-01-29,52.01,108.34,10.31,16.23,23.66,16.76,6.28,0.91,14.54,2.26,3.12,,,0.52,0.59,27.53,67.82,1.49,134.36,0.0,0.0,157.56,859.59,-0.47
2024-01-30,52.02,116.29,11.25,17.82,25.0,16.73,6.84,0.88,11.32,2.44,4.65,,,0.56,0.55,26.75,73.61,1.35,185.86,0.0,0.0,154.38,859.12,-0.47
2024-01-31,40.49,87.42,11.4,16.33,23.84,15.81,5.42,0.91,9.4,2.48,3.98,,,0.58,0.63,27.17,78.9,1.13,181.21,0.0,0.0,164.65,859.04,-0.48
2024-02-01,27.58,59.12,9.41,13.63,19.68,15.89,4.84,0.89,8.43,2.02,6.6,,,0.51,0.6,28.02,83.27,1.27,165.19,0.0,0.0,133.76,859.01,-0.48
2024-02-02,23.1,48.97,7.42,11.87,16.31,16.01,4.29,0.97,8.61,1.51,3.32,,,0.49,0.55,28.37,80.61,1.31,164.76,0.0,0.0,152.03,858.88,-0.48
2024-02-03,29.82,62.15,8.49,14.31,18.8,17.24,5.02,0.9,10.05,1.67,2.89,,,0.43,0.56,28.23,77.06,1.16,143.76,0.0,0.0,158.98,859.28,-0.48
2024-02-04,27.69,56.25,11.19,14.86,21.72,17.1,6.84,0.85,8.88,1.4,2.93,,,0.37,0.43,27.89,75.36,1.08,174.33,0.0,0.0,163.3,860.14,-0.48
2024-02-05,35.78,74.7,10.89,15.8,22.2,16.92,6.76,0.91,9.11,1.41,2.48,,,0.31,0.37,26.9,75.36,1.11,177.86,0.0,0.0,149.53,860.21,-0.48
2024-02-06,47.01,94.73,13.56,17.21,26.25,17.04,7.43,0.94,8.93,1.79,3.84,,,0.36,0.54,27.53,76.7,1.0,170.4,0.0,0.0,162.18,859.91,-0.49
2024-02-07,53.38,109.05,18.04,17.88,31.14,18.09,9.14,1.01,8.41,2.78,6.4,,,0.44,0.61,27.03,76.24,0.92,160.87,0.0,0.0,169.37,859.59,-0.49
2024-02-08,41.1,92.62,15.13,16.45,27.16,18.7,6.22,0.94,8.03,2.88,6.48,,,0.56,0.97,27.07,79.67,0.95,169.22,0.0,0.0,159.82,858.85,-0.49
2024-02-09,38.67,87.72,17.25,16.39,28.93,20.31,7.94,0.97,7.79,1.43,3.61,,,0.41,0.65,27.91,77.76,1.07,165.04,0.0,0.0,160.64,859.46,-0.49
2024-02-10,50.71,91.41,11.02,13.52,21.6,20.22,7.25,0.94,8.82,1.25,2.21,,,0.32,0.4,28.65,75.16,1.25,172.54,0.0,0.0,158.56,860.6,-0.48
2024-02-11,45.07,91.08,8.7,13.85,19.97,17.78,7.13,0.93,13.18,0.89,1.32,,,0.29,0.29,27.36,72.61,1.34,172.64,0.0,0.0,127.18,860.41,-0.47
2024-02-12,25.46,65.6,12.41,14.42,21.48,23.79,7.39,0.92,11.13,1.22,1.92,,,0.36,0.33,29.55,72.84,1.34,157.89,0.0,0.0,205.25,860.29,-0.47
2024-02-13,30.28,76.32,11.2,15.76,22.85,20.83,7.58,1.02,8.67,1.54,4.29,,,0.36,0.4,28.16,76.96,1.46,154.11,0.0,0.0,139.21,859.8,-0.46
2024-02-14,30.73,73.28,10.11,15.22,20.73,21.23,7.19,0.97,9.89,1.22,2.79,,,0.36,0.36,28.3,75.05,1.4,185.48,0.0,0.0,176.24,859.35,-0.47
2024-02-15,39.42,87.73,10.53,16.57,22.68,19.55,7.21,0.98,9.9,1.36,2.84,,,0.56,0.51,29.04,74.36,1.32,177.16,0.0,0.0,179.4,859.31,-0.47
2024-02-16,35.42,84.2,10.07,15.38,21.2,24.84,6.87,0.93,9.65,1.09,2.24,,,0.45,0.46,27.58,73.78,1.44,171.15,0.0,0.0,154.13,859.43,-0.46
2024-02-17,34.2,80.58,12.26,12.87,18.35,24.76,7.02,0.88,9.01,1.3,2.24,,,0.35,0.36,30.13,75.76,1.56,162.08,0.0,0.0,252.08,858.96,-0.47
2024-02-18,41.68,89.83,10.73,14.45,20.96,22.38,6.67,0.96,9.75,1.37,3.42,,,0.43,0.58,,76.74,1.04,176.4,0.0,0.0,171.78,832.34,-0.49
2024-02-19,38.68,82.78,8.97,14.59,19.55,20.81,6.48,0.96,10.46,1.25,2.55,,,0.51,0.62,,74.67,1.12,162.06,0.0,0.0,161.15,832.53,-0.48
2024-02-20,41.01,96.78,9.04,17.7,20.46,24.65,7.9,0.94,9.16,1.41,3.85,,,0.56,0.79,30.98,75.15,1.36,125.43,0.0,0.0,235.3,857.76,-0.48
2024-02-21,44.09,97.96,8.4,19.91,21.7,19.02,6.77,0.9,8.62,1.26,3.38,,,0.54,0.78,29.66,76.35,1.61,151.1,0.0,0.0,189.68,857.1,-0.47
2024-02-22,39.19,87.53,6.61,17.66,17.39,18.48,6.81,0.97,8.56,1.07,2.81,,,0.39,0.47,29.06,78.58,1.77,130.84,0.0,0.0,164.93,857.21,-0.46
2024-02-23,35.94,78.23,6.8,15.69,16.32,18.54,7.34,0.94,8.93,0.98,2.31,,,0.43,0.44,30.43,79.34,1.79,151.05,0.0,0.0,167.62,876.92,-0.46
2024-02-24,32.33,66.74,7.22,15.35,16.37,22.02,7.46,1.13,9.35,0.94,1.83,,,0.4,0.49,30.48,75.83,1.56,146.87,0.0,0.0,179.79,877.23,-0.47
2024-02-25,26.33,57.83,7.57,12.52,16.29,19.42,6.29,0.87,9.72,0.86,1.53,,,0.43,0.48,,69.8,1.05,167.98,0.0,0.0,145.92,850.48,-0.48
2024-02-26,26.09,58.63,6.05,13.12,12.78,16.36,7.69,1.07,8.91,1.11,1.4,,,0.41,0.52,29.46,73.31,1.78,151.84,0.0,0.0,173.72,859.3,-0.46
2024-02-27,24.32,56.72,6.99,14.28,15.36,16.81,8.65,1.04,11.05,1.07,1.55,,,0.44,0.44,28.79,73.5,1.57,154.08,0.0,0.0,173.66,858.66,-0.46
2024-02-28,28.25,67.08,7.55,13.62,13.98,13.37,7.47,1.05,10.32,1.08,2.07,,,0.47,0.42,28.49,75.51,1.4,151.36,0.0,0.0,191.24,858.02,-0.47
2024-02-29,33.17,82.74,8.57,14.72,16.67,21.32,12.14,1.42,11.88,1.4,2.99,,,0.65,0.59,28.82,76.6,1.23,167.86,0.0,0.0,136.3,858.71,-0.48
2024-03-01,40.95,89.92,7.83,14.61,15.85,21.23,8.92,0.85,13.04,1.28,3.15,,,0.64,0.65,28.94,75.82,1.14,141.33,0.0,0.0,186.61,859.16,-0.48
2024-03-02,48.86,105.62,13.76,17.29,20.71,28.85,6.68,1.0,11.95,1.76,6.37,,,0.66,0.82,28.27,76.56,1.14,144.69,0.0,0.0,172.54,858.9,-0.48
2024-03-03,39.59,78.05,5.0,10.35,11.65,18.25,5.06,0.98,9.82,1.24,2.44,,,0.68,0.74,,72.0,1.27,142.1,0.0,0.0,179.04,833.07,-0.48
2024-03-04,40.22,80.69,7.37,12.11,13.83,23.13,5.62,0.88,6.98,1.2,2.68,,,0.57,0.66,,72.81,1.11,134.26,0.0,0.0,171.6,832.56,-0.48
2024-03-05,34.22,75.33,6.1,13.37,12.02,16.39,5.28,0.89,10.31,1.09,2.87,,,0.54,0.72,29.11,74.2,1.13,140.43,0.01,0.0,176.45,858.22,-0.48
2024-03-06,37.25,87.5,9.47,15.12,16.56,15.66,6.04,1.04,9.6,1.27,3.54,,,0.6,0.68,26.31,75.05,1.09,173.36,0.0,0.0,147.62,858.44,-0.48
2024-03-07,31.95,70.47,5.24,13.23,14.19,25.1,5.13,1.32,6.26,1.32,4.41,,,0.64,0.84,,73.32,1.4,162.99,0.0,0.0,162.86,832.12,-0.48
2024-03-08,34.66,74.3,4.14,11.0,11.03,22.7,4.55,1.24,7.4,1.23,3.51,,,0.62,0.76,,75.72,1.58,134.39,0.0,0.0,169.64,832.94,-0.47
2024-03-09,34.62,72.9,4.53,10.22,11.14,21.98,4.64,1.16,7.15,1.11,3.01,,,0.72,0.89,,76.89,1.33,148.51,0.0,0.0,163.23,833.54,-0.48
2024-03-10,29.34,58.78,3.67,9.07,9.99,21.34,4.52,1.03,7.14,0.98,2.17,,,0.53,0.67,,73.06,1.3,149.35,0.0,0.0,175.25,834.81,-0.48
2024-03-11,30.5,64.47,2.53,8.74,8.74,20.04,4.77,1.18,8.51,1.08,2.23,,,0.56,0.62,,71.88,1.34,146.13,0.0,0.0,175.23,836.44,-0.48
2024-03-12,28.84,71.42,3.64,12.48,12.38,19.61,4.95,1.03,8.14,1.04,2.76,,,0.61,0.67,,74.74,1.6,134.81,0.0,0.0,169.98,834.05,-0.47
2024-03-13,32.72,77.78,2.45,11.23,9.96,18.2,4.45,0.95,8.58,1.09,2.87,,,0.76,0.72,,75.83,1.85,148.05,0.0,0.0,166.36,833.78,-0.46
2024-03-14,36.0,77.0,2.23,9.17,8.27,18.45,4.24,1.1,8.94,1.03,2.27,,,0.73,0.73,,75.01,1.87,169.11,0.0,0.0,169.04,834.64,-0.47
2024-03-15,30.71,70.37,2.81,9.47,8.83,17.06,4.37,1.12,8.83,1.14,2.56,,,0.64,0.74,,72.71,1.7,147.71,0.0,0.0,165.32,833.59,-0.47
2024-03-16,23.47,56.64,2.64,8.78,8.21,17.37,4.38,1.04,7.7,0.91,2.18,,,0.77,0.71,,76.78,1.79,170.5,0.0,0.0,161.95,834.16,-0.47
2024-03-17,15.1,34.35,2.79,6.86,7.15,15.86,3.98,1.07,7.84,0.9,1.76,,,0.63,0.64,,73.29,1.45,155.1,0.0,0.0,174.02,834.08,-0.48
2024-03-18,17.32,40.93,3.3,8.42,8.68,14.73,3.82,1.25,7.85,1.0,2.12,,,0.77,0.83,,74.19,1.38,159.14,0.0,0.0,166.18,833.77,-0.48
2024-03-19,28.6,64.79,3.31,9.21,9.16,16.62,4.45,1.24,7.94,1.04,2.37,,,0.88,0.88,,75.38,1.37,159.99,0.0,0.0,168.49,833.74,-0.48
2024-03-20,32.27,68.4,3.04,8.36,7.88,18.18,4.84,1.14,8.36,1.93,5.79,,,0.78,0.85,,71.61,1.44,172.94,0.0,0.0,182.79,835.8,-0.48
2024-03-21,25.23,53.62,2.41,7.16,6.96,15.41,4.66,1.07,8.03,0.9,2.97,,,0.7,0.74,,72.62,1.53,224.71,0.0,0.0,172.81,835.52,-0.47
2024-03-22,26.88,53.57,2.51,7.22,7.08,17.75,4.27,1.11,8.14,1.06,2.81,,,0.82,0.79,,73.89,1.19,164.01,0.0,0.0,178.25,834.67,-0.48
2024-03-23,30.0,63.61,3.36,9.02,9.01,16.64,5.01,1.02,7.88,1.15,2.87,,,0.83,0.9,,73.28,1.35,163.67,0.0,0.0,167.78,834.05,-0.48
2024-03-24,26.27,55.49,3.95,8.57,9.42,13.85,4.85,1.15,7.89,1.15,2.83,,,0.78,0.8,,73.61,1.27,196.48,0.0,0.0,170.68,835.64,-0.48
2024-03-25,21.42,43.88,3.57,7.39,8.42,18.1,5.42,1.07,7.96,0.95,2.09,,,0.68,0.73,,72.53,1.05,170.42,0.0,0.0,175.12,835.68,-0.49
2024-03-26,20.53,43.63,3.47,7.8,8.63,13.49,4.83,1.17,7.78,1.28,2.86,,,0.76,0.95,,69.37,1.28,172.63,0.0,0.0,172.55,836.39,-0.48
2024-03-27,22.09,50.05,4.9,9.04,10.16,15.8,4.67,1.12,8.09,1.74,5.91,,,0.74,0.81,,72.61,1.29,165.59,0.0,0.0,176.7,838.15,-0.48
2024-03-28,27.31,59.56,6.45,9.1,11.59,16.71,5.02,0.98,7.89,1.19,3.47,,,0.72,0.77,,75.92,1.26,188.36,0.0,0.0,172.94,837.28,-0.48
2024-03-29,17.61,48.12,3.37,8.46,8.75,16.83,4.92,1.05,8.82,1.05,2.96,,,0.7,0.78,,77.5,1.69,154.27,0.0,0.0,158.22,836.42,-0.47
2024-03-30,16.09,44.69,3.76,9.07,9.49,16.16,4.58,1.11,9.22,1.04,3.01,,,0.7,0.68,,72.46,1.63,156.94,0.0,0.0,159.15,835.61,-0.47
2024-03-31,16.24,44.07,4.65,9.44,10.95,17.53,5.06,1.16,8.3,1.02,2.36,,,0.6,0.62,,75.69,1.53,176.12,0.0,0.0,155.65,836.02,-0.47
2024-04-01,14.34,38.68,4.04,7.98,9.04,21.66,4.72,1.07,10.17,0.88,1.96,,,0.6,0.58,,75.33,1.6,150.57,0.0,0.0,151.95,834.95,-0.47
2024-04-02,21.8,50.75,3.93,8.27,9.12,21.03,4.48,1.19,9.5,0.98,4.2,,,0.68,0.67,,76.59,1.9,155.27,0.0,0.0,156.32,834.16,-0.46
2024-04-03,17.77,47.28,5.06,8.54,10.51,18.66,4.77,1.09,9.91,1.04,3.23,,,0.68,0.7,,75.45,2.01,151.84,0.0,0.0,169.7,834.28,-0.46
2024-04-04,14.48,37.27,4.66,8.71,10.38,18.36,4.61,1.21,10.47,0.96,2.94,,,0.85,0.83,,78.09,1.82,154.51,0.0,0.0,155.48,834.92,-0.46
2024-04-05,13.79,35.5,4.75,8.52,10.23,16.64,4.49,1.17,11.1,1.09,3.28,,,0.62,0.74,,78.18,1.75,166.64,0.0,0.0,155.3,834.41,-0.47
2024-04-06,17.75,45.36,4.47,9.84,10.81,17.17,4.89,1.11,10.75,1.09,3.74,,,0.73,0.86,,75.68,1.61,164.44,0.0,0.0,151.02,833.39,-0.47
2024-04-07,17.34,42.74,3.55,7.9,9.18,17.72,4.79,1.18,12.35,0.96,3.1,,,0.66,0.75,,76.58,1.81,161.22,0.0,0.0,156.62,834.7,-0.47
2024-04-08,19.05,44.08,3.12,7.13,8.14,18.46,4.6,1.05,11.87,0.93,2.44,,,0.66,0.79,,77.66,1.88,173.9,0.0,0.0,156.08,836.95,-0.47
2024-04-09,22.48,47.5,3.16,6.64,7.65,19.7,4.61,1.11,13.13,1.82,5.94,,,0.66,0.89,,73.45,1.28,161.88,0.0,0.0,151.19,837.95,-0.48
2024-04-10,29.59,61.24,4.39,7.47,9.32,19.29,4.93,1.19,14.98,1.15,3.7,,,0.63,0.78,,76.83,1.08,158.18,0.0,0.0,140.66,837.79,-0.48
2024-04-11,22.64,45.78,3.64,6.84,8.3,16.49,5.57,1.01,11.8,0.88,2.28,,,0.66,0.65,,72.94,1.28,196.41,0.0,0.0,160.52,838.08,-0.48
2024-04-12,17.25,37.19,3.11,6.48,7.68,15.42,4.97,1.16,13.26,0.84,2.13,,,0.65,0.69,,74.6,1.46,215.83,0.0,0.0,160.64,838.23,-0.48
2024-04-13,23.04,47.41,3.84,8.23,9.47,20.81,5.38,1.09,14.26,1.0,2.38,,,0.65,0.66,,73.73,1.13,189.82,0.0,0.0,159.0,837.98,-0.48
2024-04-14,35.44,63.17,2.74,6.16,7.16,18.64,4.92,1.17,16.31,0.9,1.69,,,0.6,0.59,,72.59,1.16,163.95,0.0,0.0,159.32,833.77,-0.49
2024-04-15,24.49,48.88,3.7,7.81,9.18,17.57,4.18,1.15,11.6,0.94,2.3,,,0.59,0.65,,73.92,1.14,162.01,0.0,0.0,159.28,833.63,-0.48
2024-04-16,23.84,56.86,4.12,9.3,10.64,18.17,4.41,1.16,11.66,1.05,3.19,,,0.68,0.79,,72.03,1.54,142.16,0.0,0.0,159.6,832.7,-0.47
2024-04-17,24.58,52.4,3.5,9.37,10.59,15.62,4.06,1.01,10.26,0.9,2.58,,,0.64,0.78,,77.15,1.89,128.53,0.0,0.0,134.36,832.22,-0.46
2024-04-18,15.54,38.65,3.17,7.59,8.68,17.69,4.15,0.96,11.8,0.83,4.38,,,0.56,0.59,,76.7,2.09,127.09,0.0,0.0,148.08,832.01,-0.45
2024-04-19,13.62,29.98,2.74,5.95,7.53,20.1,4.61,1.15,12.05,0.72,1.58,,,0.53,0.53,,78.15,2.33,118.65,0.0,0.0,158.55,849.13,-0.45
2024-04-20,14.68,34.4,2.82,6.95,7.86,19.04,4.32,1.08,10.36,0.84,2.44,,,0.59,0.62,,78.07,2.07,127.92,0.0,0.0,148.55,831.41,-0.46
2024-04-21,13.35,29.19,2.97,6.73,7.97,16.69,4.13,1.16,12.61,0.73,1.8,,,0.53,0.57,,78.7,2.01,141.84,0.0,0.0,157.75,831.89,-0.46
2024-04-22,13.73,32.34,3.14,8.18,9.29,17.17,4.06,1.06,14.53,0.8,1.99,,,0.64,0.64,,76.36,1.84,147.54,0.0,0.0,162.01,831.93,-0.46
2024-04-23,12.92,31.69,4.6,9.97,11.84,21.22,3.99,1.24,12.8,0.85,4.01,,,0.63,0.74,,73.68,1.57,175.77,0.0,0.0,159.27,831.39,-0.47
2024-04-24,15.26,36.67,4.7,10.34,11.87,20.27,4.21,1.1,13.38,0.87,2.68,,,0.62,0.74,,76.51,1.66,144.91,0.0,0.0,164.26,831.04,-0.47
2024-04-25,13.19,32.27,3.86,8.65,10.08,20.67,3.95,1.08,13.79,0.81,2.3,,,0.56,0.66,,76.66,1.67,166.9,0.0,0.0,171.68,831.72,-0.47
2024-04-26,15.54,44.86,4.57,8.78,10.72,22.1,4.54,1.15,13.73,0.85,2.54,,,0.58,0.64,,76.19,1.7,162.05,0.0,0.0,161.29,831.51,-0.47
2024-04-27,18.95,47.34,4.63,8.39,10.28,24.66,3.99,0.95,13.9,0.81,2.49,,,0.65,0.66,,75.44,1.62,128.68,0.0,0.0,161.57,831.49,-0.47
2024-04-28,15.03,36.02,5.45,7.61,10.28,22.37,4.37,0.99,12.99,0.84,2.33,,,0.58,0.64,,77.24,1.83,127.08,0.0,0.0,161.68,831.58,-0.47
2024-04-29,12.94,29.4,5.39,7.54,10.18,22.63,4.49,0.91,13.52,1.51,4.06,,,0.67,0.73,,77.16,1.78,134.15,0.0,0.0,158.13,832.59,-0.46
2024-04-30,14.09,36.34,4.68,8.34,10.71,23.38,4.41,1.14,16.42,0.86,2.44,,,0.59,0.67,,75.48,1.89,126.68,0.0,0.0,153.93,831.81,-0.46
2024-05-01,17.32,42.14,3.81,8.47,9.76,22.67,5.21,0.82,26.66,0.68,2.1,,,0.37,0.43,,74.04,2.23,137.77,0.0,0.0,153.9,846.37,-0.44
2024-05-02,16.47,43.72,2.74,7.39,8.43,24.09,5.62,1.09,23.96,1.24,2.6,,,0.53,0.58,,74.48,2.54,127.23,0.0,0.0,157.01,830.56,-0.43
2024-05-03,20.33,51.8,3.02,8.16,9.32,23.44,5.45,1.11,24.63,0.92,3.07,,,0.6,0.69,,75.74,2.48,145.44,0.0,0.0,145.24,831.02,-0.44
2024-05-04,16.07,44.95,3.06,8.0,9.17,23.36,4.14,1.0,21.2,0.84,3.07,,,0.57,0.7,,74.59,2.36,134.07,0.0,0.0,138.03,831.43,-0.44
2024-05-05,14.78,42.81,2.98,7.04,8.46,23.45,3.96,1.03,19.86,0.77,2.37,,,0.54,0.55,,74.01,2.44,128.79,0.0,0.0,139.76,830.76,-0.44
2024-05-06,16.41,44.46,2.98,7.31,8.54,23.5,4.33,0.95,21.44,0.72,2.03,,,0.4,0.51,,80.42,2.34,133.22,0.0,0.0,142.54,831.19,-0.45
2024-05-07,13.18,35.73,2.94,7.06,8.26,21.93,3.63,1.05,21.01,0.76,1.95,,,0.43,0.55,,76.56,2.12,145.04,0.0,0.0,141.56,832.13,-0.45
2024-05-08,13.02,32.07,3.76,9.17,10.28,21.93,4.25,0.99,22.06,0.97,2.61,,,0.44,0.6,,74.1,1.47,154.7,0.04,0.03,138.54,832.71,-0.47
2024-05-09,9.37,21.32,4.21,8.72,10.51,22.26,4.4,1.04,19.34,0.77,2.47,,,0.42,0.59,,77.65,1.37,169.59,0.0,0.0,140.15,832.7,-0.48
2024-05-10,8.11,20.67,3.61,8.85,10.15,20.58,4.04,0.88,18.45,0.68,2.02,,,0.41,0.53,,74.59,1.58,163.1,0.0,0.0,156.52,832.85,-0.47
2024-05-11,8.71,21.06,3.64,7.84,9.54,20.82,4.25,0.98,19.22,0.62,1.77,,,0.47,0.54,,75.29,1.65,167.47,0.0,0.0,180.27,833.27,-0.47
2024-05-12,8.4,18.45,3.99,6.37,8.8,24.56,4.58,0.95,18.29,0.57,1.67,,,0.37,0.41,,73.63,1.61,167.3,0.0,0.0,190.47,833.05,-0.47
2024-05-13,11.18,25.34,4.81,6.66,9.72,24.22,4.93,1.48,19.47,0.67,2.07,,,0.41,0.53,,75.05,1.25,163.87,0.0,0.0,152.93,832.6,-0.48
2024-05-14,11.67,27.62,6.35,6.92,11.35,23.15,5.64,1.44,17.01,1.14,2.72,,,0.43,0.64,,73.36,1.17,189.2,0.0,0.0,151.74,832.64,-0.48
2024-05-15,11.79,27.58,7.29,7.52,12.29,24.24,5.31,1.54,20.81,0.88,2.55,,,0.44,0.66,,75.51,1.35,160.64,0.28,0.18,130.56,833.04,-0.47
2024-05-16,8.86,20.06,8.42,8.57,14.06,24.2,4.85,1.58,18.16,1.02,3.43,,,0.51,0.94,,87.03,0.86,148.21,0.57,0.34,45.78,831.65,-0.49
2024-05-17,12.96,26.39,12.34,9.66,17.94,26.91,4.8,1.42,15.02,1.23,6.1,,,0.63,1.16,,85.29,1.02,151.87,0.55,0.29,86.24,831.96,-0.48
2024-05-18,9.22,19.77,12.5,8.65,17.72,29.74,4.71,1.62,15.07,1.06,4.11,,,0.58,1.0,,76.77,1.13,160.5,0.0,0.0,174.01,831.87,-0.48
2024-05-19,9.5,20.44,14.39,9.65,19.91,31.13,4.47,1.41,16.97,0.87,2.62,,,0.42,0.56,,79.25,1.07,156.94,0.15,0.1,130.41,831.08,-0.48
2024-05-20,9.9,20.23,10.05,9.62,16.61,34.49,4.95,1.41,12.87,0.78,2.5,,,0.45,0.63,,80.6,1.0,180.46,0.08,0.05,129.76,827.85,-0.48
2024-05-21,10.54,21.93,12.45,9.85,18.76,28.78,5.13,1.38,19.33,0.99,3.48,,,0.56,0.85,,82.17,1.0,167.47,0.09,0.06,130.67,827.22,-0.48
2024-05-22,12.53,29.65,10.82,8.74,16.46,24.78,5.96,1.39,20.04,0.89,4.12,,,0.48,0.74,,80.32,1.31,158.79,0.03,0.02,151.9,826.31,-0.47
2024-05-23,26.88,43.06,13.65,10.1,19.5,24.87,6.87,1.43,20.07,0.97,3.21,,,0.48,0.69,,76.06,1.13,166.14,0.0,0.0,149.88,825.82,-0.48
2024-05-24,23.45,50.92,8.68,10.13,15.28,24.86,5.6,1.53,16.96,0.78,2.95,,,0.49,0.64,,75.1,1.48,142.9,0.0,0.0,139.13,825.16,-0.47
2024-05-25,25.52,56.83,8.69,11.0,15.87,24.46,4.53,1.55,19.64,1.03,3.3,,,0.58,0.77,,73.4,1.33,158.64,0.1,0.07,90.05,824.84,-0.47
2024-05-26,21.67,54.72,6.78,9.73,13.26,21.8,4.75,1.44,20.18,0.81,3.24,,,0.44,0.6,,65.73,1.57,150.75,0.04,0.03,100.13,825.74,-0.44
2024-05-27,28.5,72.08,10.02,8.76,14.57,19.11,4.56,1.81,19.09,1.03,3.23,,,0.41,0.58,,59.28,1.85,169.99,0.06,0.04,150.15,825.25,-0.43
2024-05-28,34.32,85.19,7.33,12.93,15.74,22.25,4.78,1.58,15.16,1.01,3.56,,,0.55,0.92,,62.51,1.75,174.95,0.04,0.03,146.23,825.66,-0.44
2024-05-29,30.05,75.07,4.5,15.36,14.62,36.82,5.21,1.53,16.82,1.22,3.67,,,0.94,1.11,,61.48,1.7,183.81,0.05,0.03,144.78,825.66,-0.44
2024-05-30,27.48,66.9,3.38,15.65,14.07,37.04,6.82,1.3,17.8,1.65,4.18,,,1.4,1.36,,66.88,1.58,149.09,0.06,0.04,155.59,825.9,-0.46
2024-05-31,23.87,60.6,4.27,13.59,13.46,35.4,6.32,1.4,16.58,1.29,3.55,,,1.24,1.2,,69.02,1.55,181.34,0.07,0.04,153.89,826.21,-0.46
2024-06-01,22.88,58.94,3.28,11.11,10.08,24.47,4.6,1.28,16.54,0.88,3.06,,,0.52,0.7,,73.47,1.75,142.15,0.04,0.03,184.99,826.51,-0.46
2024-06-02,25.26,59.31,3.54,14.25,11.94,22.78,4.18,1.27,19.45,0.89,2.84,,,0.48,0.61,,67.98,1.47,160.87,0.04,0.03,176.43,827.53,-0.46
2024-06-03,21.34,45.75,4.46,15.93,13.35,18.63,4.16,1.26,18.61,1.16,3.12,,,0.64,0.92,,71.31,1.4,192.45,0.12,0.08,136.72,828.09,-0.46
2024-06-04,26.74,54.41,4.3,14.14,12.81,21.09,5.3,1.31,17.43,1.16,4.67,,,0.68,1.23,,76.46,1.57,168.89,0.46,0.29,170.04,828.22,-0.46
2024-06-05,17.14,41.69,7.23,18.51,18.94,35.92,6.05,1.32,15.4,1.47,6.25,,,1.12,1.44,,81.53,1.3,147.42,0.17,0.11,130.76,827.71,-0.47
2024-06-06,15.94,35.41,7.78,17.07,19.15,36.17,7.64,1.28,24.45,1.17,4.95,,,0.91,1.14,,83.23,1.19,173.47,2.04,1.26,104.46,827.77,-0.47
2024-06-07,14.27,31.72,6.01,15.51,16.51,27.34,7.19,1.29,28.7,1.07,4.62,,,0.96,1.17,,85.4,1.41,165.6,0.0,0.0,101.74,827.19,-0.46
2024-06-08,14.25,38.45,5.79,13.94,15.4,28.68,6.68,1.4,45.73,1.03,4.04,,,0.85,0.94,,80.39,1.63,148.04,0.0,0.0,124.34,826.63,-0.46
2024-06-09,15.26,36.57,5.15,10.29,13.41,29.78,8.34,1.44,50.41,0.81,2.68,,,0.74,0.8,,76.03,1.77,165.58,0.0,0.0,131.45,848.59,-0.45
2024-06-10,17.25,45.21,6.68,14.71,16.62,26.01,6.89,1.42,42.94,0.96,3.89,,,0.73,0.91,,71.57,1.63,177.75,0.03,0.02,157.82,827.47,-0.44
2024-06-11,15.61,41.58,5.72,14.1,15.45,23.14,6.95,1.29,36.75,1.11,4.72,,,0.94,1.18,,68.46,1.5,184.74,0.16,0.11,134.76,826.93,-0.45
2024-06-12,16.52,40.95,8.82,15.9,19.17,24.38,7.52,1.3,33.04,1.33,6.87,,,1.2,1.77,,72.08,1.24,195.84,0.46,0.3,121.63,828.34,-0.46
2024-06-13,14.25,39.8,7.29,16.06,17.71,26.97,6.92,1.35,26.15,1.14,5.83,,,0.85,1.25,,72.29,1.29,179.19,0.06,0.04,114.68,827.68,-0.46
2024-06-14,19.88,53.08,5.86,13.95,15.14,24.3,5.31,1.02,21.29,1.06,5.06,,,0.76,1.06,,70.32,1.35,156.81,0.0,0.0,135.87,827.38,-0.46
2024-06-15,26.95,72.75,5.63,15.93,16.15,23.46,5.79,1.09,11.08,1.28,5.96,,,0.9,1.37,,73.57,1.28,150.47,0.0,0.0,81.86,827.55,-0.47
2024-06-16,20.88,51.76,4.13,11.68,12.16,22.67,5.0,1.03,12.91,0.92,3.43,,,0.61,0.7,,70.9,1.52,179.86,0.02,0.01,155.32,827.6,-0.45
2024-06-17,18.32,44.63,4.37,10.77,11.79,24.49,5.18,1.11,15.89,0.8,2.89,,,0.63,0.68,,73.09,1.63,179.47,0.0,0.0,147.2,827.53,-0.46
2024-06-18,19.29,42.76,4.85,11.81,12.85,21.77,5.51,0.79,20.24,0.81,3.58,,,0.72,0.74,,79.14,1.77,156.01,0.56,0.37,117.29,825.72,-0.44
2024-06-19,15.35,36.75,5.59,12.7,14.32,24.05,6.03,1.09,13.73,0.83,4.3,,,0.85,0.97,,80.26,1.66,188.72,0.1,0.07,134.33,825.77,-0.45
2024-06-20,16.85,41.82,5.75,12.58,14.27,22.66,5.31,1.07,13.0,0.93,4.91,,,0.81,0.86,,76.38,1.62,186.02,0.26,0.18,150.62,825.27,-0.45
2024-06-21,17.69,44.18,6.12,13.5,15.08,24.27,7.07,1.14,14.49,1.09,5.48,,,0.92,1.13,,72.96,1.58,164.85,0.02,0.01,154.68,826.18,-0.45
2024-06-22,19.26,48.15,5.52,12.21,13.81,23.37,9.41,1.12,14.4,0.98,5.64,,,0.88,0.95,,70.62,1.48,191.9,0.0,0.0,151.11,825.72,-0.45
2024-06-23,18.12,41.36,4.63,11.25,12.68,24.5,5.43,1.07,15.69,0.79,2.98,,,0.78,0.72,,72.17,1.71,180.61,0.0,0.0,156.34,825.42,-0.45
2024-06-24,17.13,45.75,4.61,11.71,12.68,21.79,5.95,1.11,15.24,0.96,3.92,,,0.73,0.73,,70.77,1.62,182.06,0.04,0.02,127.49,827.82,-0.45
2024-06-25,19.21,50.27,5.12,12.62,13.59,22.3,6.74,1.1,16.32,0.94,4.63,,,0.7,0.75,,66.81,1.7,166.64,0.27,0.17,136.38,828.92,-0.45
2024-06-26,16.19,44.36,6.24,12.92,14.74,22.07,6.16,1.13,18.29,1.25,8.34,,,0.81,0.91,,69.18,1.5,192.5,2.55,1.49,98.81,829.5,-0.45
2024-06-27,16.74,55.57,6.16,13.51,15.08,21.8,6.17,1.11,20.43,1.32,7.63,,,0.78,0.89,,64.96,1.58,167.3,1.79,0.86,93.11,830.35,-0.45
2024-06-28,22.65,59.5,4.95,11.5,12.85,22.78,6.62,1.09,22.25,1.09,5.16,,,0.82,1.04,,68.17,1.69,187.28,0.01,0.01,122.01,830.6,-0.46
2024-06-29,22.05,56.91,5.51,11.46,13.37,23.69,6.94,1.1,20.61,0.96,4.0,,,0.87,0.87,,72.89,1.64,169.43,0.0,0.0,133.36,830.95,-0.46
2024-06-30,19.66,49.93,3.78,9.93,10.84,23.4,7.22,1.04,18.31,0.78,3.2,,,0.81,0.8,,79.41,1.62,165.4,0.0,0.0,81.16,831.55,-0.46
2024-07-01,20.43,49.38,4.6,11.2,12.46,23.57,8.02,1.07,20.1,1.1,4.09,,,0.86,1.04,,78.22,1.23,166.75,0.0,0.0,95.54,830.63,-0.47
2024-07-02,20.98,59.91,3.73,11.03,10.86,18.54,8.09,1.05,19.56,1.15,4.45,,,0.86,0.96,,68.5,1.6,171.39,0.0,0.0,156.68,830.59,-0.46
2024-07-03,18.65,59.31,4.94,11.75,11.66,15.44,4.17,1.0,16.07,1.08,3.87,,,0.52,0.66,,69.06,1.7,161.56,0.34,0.23,136.07,797.44,-0.44
2024-07-04,17.92,42.12,5.39,14.06,13.47,14.36,4.23,1.07,14.86,1.31,5.7,,,0.73,1.25,,76.58,1.25,161.0,0.04,0.02,113.42,799.43,-0.46
2024-07-05,21.33,51.24,4.14,13.8,12.56,14.9,4.4,1.13,17.52,1.06,4.1,,,0.57,0.8,,74.6,1.87,167.14,0.11,0.06,147.92,813.33,-0.45
2024-07-06,21.5,56.3,5.93,17.14,15.53,17.43,3.76,1.19,14.7,2.04,10.15,,,1.08,1.87,,83.5,0.93,155.27,0.04,0.03,71.09,797.99,-0.48
2024-07-07,18.18,46.34,6.24,12.53,13.56,16.46,3.86,0.94,15.59,1.15,5.32,,,0.6,1.0,,76.76,1.4,158.11,0.06,0.04,127.27,796.27,-0.45
2024-07-08,24.76,56.24,6.57,14.66,14.74,15.33,4.56,1.12,15.84,1.4,6.01,,,0.7,1.17,,78.22,1.11,177.22,0.1,0.07,100.22,796.16,-0.47
2024-07-09,26.26,61.31,8.69,15.25,16.73,15.43,4.32,1.14,15.26,1.55,6.99,,,0.89,1.69,,78.01,1.1,159.57,0.07,0.05,90.16,799.35,-0.48
2024-07-10,22.36,57.61,3.9,10.88,10.39,14.55,4.03,1.02,19.34,1.04,4.05,,,0.55,0.79,,74.23,1.48,194.0,0.0,0.0,140.0,799.06,-0.46
2024-07-11,31.62,65.33,4.43,12.71,12.44,23.26,4.36,0.97,14.04,1.24,5.04,,,0.77,1.18,,86.67,1.2,183.97,0.14,0.08,71.69,831.75,-0.48
2024-07-12,25.89,57.66,3.9,10.83,10.9,20.03,5.67,1.1,14.6,0.99,3.46,,,0.71,0.76,,79.02,1.61,162.29,0.44,0.29,174.18,829.8,-0.46
2024-07-13,21.59,49.71,5.61,12.5,13.3,18.0,6.19,1.22,14.31,1.07,4.54,,,0.79,1.1,,82.68,1.26,169.6,0.1,0.06,101.29,830.05,-0.47
2024-07-14,21.85,49.38,6.92,13.54,14.94,17.16,6.36,1.17,17.06,1.29,5.33,,,0.79,1.21,,85.79,0.94,167.23,0.05,0.03,63.72,828.65,-0.48
2024-07-15,19.74,38.07,7.6,12.05,14.68,15.69,5.7,1.14,20.74,1.11,12.36,,,0.78,1.2,,85.67,1.41,166.04,0.06,0.04,67.71,827.26,-0.46
2024-07-16,17.86,42.38,5.66,11.35,12.18,13.78,4.87,1.1,21.31,1.03,5.2,,,0.75,1.06,,78.57,1.77,166.56,0.0,0.0,95.98,828.44,-0.45
2024-07-17,25.16,57.07,6.2,11.5,13.06,13.63,5.1,1.09,19.38,1.09,4.88,,,0.72,1.16,,74.57,1.45,190.77,0.01,0.0,119.68,829.14,-0.46
2024-07-18,20.45,53.07,6.51,12.02,13.85,13.02,5.12,1.09,18.16,1.15,4.62,,,0.57,0.86,,75.91,1.71,161.8,0.14,0.09,84.18,829.1,-0.44
2024-07-19,19.66,46.49,7.34,12.74,15.33,19.34,5.45,1.1,21.08,1.16,4.6,,,0.6,0.84,,75.65,1.84,189.74,0.0,0.0,101.83,828.26,-0.44
2024-07-20,26.43,78.42,10.87,15.72,20.63,29.54,5.62,1.07,19.07,1.66,6.31,,,0.78,1.35,,68.91,1.34,162.35,0.0,0.0,114.18,829.46,-0.46
2024-07-21,24.63,62.21,7.86,13.56,17.38,28.35,4.86,1.04,19.0,1.11,4.68,,,0.68,1.02,,64.26,1.57,163.63,0.0,0.0,129.03,830.43,-0.45
2024-07-22,29.49,75.39,7.2,15.11,17.21,25.89,5.66,1.06,30.95,1.14,4.82,,,1.12,1.37,,64.26,1.46,163.93,0.0,0.0,112.16,831.39,-0.46
2024-07-23,22.62,58.01,7.23,14.94,16.79,26.04,6.88,1.1,23.63,1.16,5.66,,,1.23,1.79,,65.54,1.59,189.11,0.01,0.01,143.99,831.14,-0.45
2024-07-24,19.19,53.62,8.46,14.84,18.1,25.8,5.12,1.13,18.04,1.22,5.36,,,2.11,2.07,,64.81,1.79,169.35,0.0,0.0,146.8,830.15,-0.44
2024-07-25,20.05,55.74,5.39,10.23,13.44,26.17,5.06,1.1,15.14,1.19,4.98,,,0.91,1.27,,63.39,1.69,168.24,0.0,0.0,133.03,829.44,-0.44
2024-07-26,24.11,61.57,7.32,13.04,16.03,26.01,5.16,1.13,13.4,1.23,4.93,,,0.76,1.11,,64.02,1.85,172.48,0.0,0.0,142.87,828.36,-0.44
2024-07-27,21.76,62.17,8.23,13.27,17.36,25.99,5.25,1.14,15.06,1.99,4.36,,,0.66,0.79,,60.75,1.85,197.24,0.0,0.0,131.1,828.49,-0.43
2024-07-28,26.47,68.38,5.49,9.07,12.81,25.12,5.13,0.94,16.38,1.99,3.3,,,0.61,0.64,,56.85,1.75,165.84,0.0,0.0,130.76,827.69,-0.44
2024-07-29,24.78,64.2,5.84,13.96,14.55,24.21,4.99,0.99,19.54,1.35,3.17,,,0.62,0.67,,64.79,1.68,163.08,0.0,0.0,129.65,827.96,-0.45
2024-07-30,28.69,60.53,5.7,14.27,16.04,25.6,5.25,1.06,17.48,1.24,3.82,,,0.6,0.75,,69.98,1.31,174.73,0.01,0.01,165.77,829.91,-0.47
2024-07-31,23.88,58.12,5.64,13.11,15.41,23.76,5.1,1.01,19.74,0.99,3.16,,,0.51,0.64,,62.34,1.66,167.1,0.0,0.0,128.27,830.79,-0.45
2024-08-01,26.9,68.32,5.25,14.87,16.49,22.67,4.43,0.93,22.48,1.06,3.39,,,0.55,0.63,,64.12,1.67,163.8,0.0,0.0,133.3,830.65,-0.45
2024-08-02,29.16,66.52,5.52,14.17,15.79,20.95,5.23,1.01,25.21,1.28,3.89,,,0.71,0.88,,68.57,1.47,196.33,0.02,0.01,115.54,830.3,-0.46
2024-08-03,24.47,55.02,6.33,14.43,16.94,21.13,5.04,0.99,25.21,1.3,3.95,,,0.82,0.93,,70.53,1.4,175.97,0.04,0.02,134.66,830.32,-0.46
2024-08-04,21.14,42.83,6.43,13.69,16.5,21.07,5.66,1.01,22.55,1.32,3.95,,,0.88,0.98,,79.54,1.32,163.94,0.78,0.44,152.04,828.24,-0.47
2024-08-05,24.34,48.71,7.96,15.06,18.64,21.27,5.26,1.12,19.47,1.46,4.94,,,0.98,1.24,,86.62,1.16,196.08,0.75,0.45,83.28,828.24,-0.48
2024-08-06,24.22,50.86,7.6,15.28,18.7,21.35,5.44,1.05,20.31,1.62,5.36,,,1.17,1.49,,80.47,1.17,177.74,0.38,0.24,152.47,827.4,-0.47
2024-08-07,23.84,49.91,6.75,15.65,18.61,18.96,5.53,1.04,18.1,1.26,5.23,,,0.82,1.09,,84.3,0.94,176.21,0.98,0.57,87.87,827.95,-0.48
2024-08-08,19.99,43.26,7.58,15.04,18.48,19.88,6.62,1.04,17.05,1.25,4.89,,,0.82,1.07,,81.99,1.12,170.24,0.66,0.42,132.5,828.74,-0.48
2024-08-09,23.89,50.87,8.42,13.53,17.25,20.21,5.34,1.43,16.32,1.78,6.29,,,1.15,2.15,,83.15,1.26,176.7,0.12,0.08,122.95,828.73,-0.49
2024-08-10,24.08,50.46,7.57,13.42,16.62,20.08,5.58,1.08,17.62,1.21,4.55,,,0.68,0.93,,81.73,1.21,181.55,0.01,0.01,142.27,829.12,-0.48
2024-08-11,22.61,50.31,4.42,9.3,11.94,19.18,5.47,1.16,17.45,0.88,2.71,,,0.59,0.78,,76.46,1.3,173.25,0.0,0.0,160.28,847.93,-0.48
2024-08-12,26.02,54.55,4.94,13.38,13.92,17.71,6.1,1.12,20.65,1.02,2.98,,,0.7,0.8,,80.13,1.38,177.42,1.03,0.62,168.68,827.95,-0.47
2024-08-13,24.7,54.47,5.39,9.51,12.33,17.1,6.48,1.02,21.59,0.79,2.7,,,0.66,0.84,32.88,78.06,3.81,159.29,3.57,2.51,155.91,829.51,-0.48
2024-08-14,19.75,42.75,6.6,7.89,12.01,16.82,6.2,0.93,20.73,0.69,2.12,,,0.53,0.64,32.88,77.15,3.64,167.23,6.14,2.4,190.77,829.27,-0.49
2024-08-15,20.97,39.01,6.31,8.68,12.41,17.16,6.03,0.96,21.72,0.77,2.82,,,0.55,0.59,32.86,78.47,3.87,181.5,0.16,0.12,142.17,828.53,-0.48
2024-08-16,27.51,40.56,5.45,7.8,11.16,16.89,6.38,0.92,23.43,0.7,2.78,,,0.55,0.6,32.87,77.81,4.07,181.82,4.11,1.32,145.36,828.01,-0.47
2024-08-17,30.31,40.68,5.67,8.2,11.54,17.19,6.21,0.95,25.14,0.72,2.75,,,0.56,0.66,32.85,78.65,3.81,163.5,6.81,2.19,160.82,828.85,-0.48
2024-08-18,33.45,47.32,5.2,8.97,11.59,17.08,7.07,0.97,26.48,0.79,2.46,,,0.52,0.64,32.83,75.8,3.82,165.96,6.52,2.78,159.25,829.08,-0.48
2024-08-19,25.0,42.4,5.3,8.62,11.55,18.88,6.41,0.94,25.74,0.73,2.33,,,0.51,0.56,32.82,78.02,4.07,156.3,8.39,0.59,123.43,828.95,-0.47
2024-08-20,34.78,68.68,5.66,10.23,12.44,16.58,7.68,0.77,24.87,0.72,2.21,,,0.54,0.5,32.87,75.33,4.5,169.26,8.14,0.43,148.1,794.06,-0.48
2024-08-21,17.23,48.93,5.1,9.11,11.56,17.33,6.36,0.95,21.52,0.78,2.68,,,0.45,0.57,32.85,75.25,4.25,179.7,4.15,0.26,144.98,829.5,-0.46
2024-08-22,17.23,48.74,4.75,9.6,11.66,17.75,7.42,1.08,23.99,0.87,2.67,,,0.4,0.49,32.85,72.93,4.18,157.3,0.83,0.38,149.09,829.58,-0.46
2024-08-23,15.49,44.4,4.81,10.16,11.9,17.67,6.89,0.77,22.84,0.59,2.29,,,0.32,0.39,32.86,75.38,4.25,157.88,0.02,0.01,144.84,829.93,-0.45
2024-08-24,16.6,54.05,5.78,12.22,13.74,17.69,6.61,0.56,20.48,0.68,2.61,,,0.46,0.38,32.85,71.62,4.54,204.41,0.02,0.02,128.64,795.23,-0.48
2024-08-25,15.17,55.01,6.85,11.37,14.43,16.83,7.29,0.53,20.27,0.79,3.13,,,0.34,0.34,32.84,64.05,4.55,206.45,0.02,0.01,171.63,795.4,-0.48
2024-08-26,14.13,47.47,6.28,11.18,13.81,16.8,6.37,0.52,20.74,0.66,2.64,,,0.32,0.26,32.86,64.78,4.49,177.92,0.01,0.01,138.88,795.0,-0.48
2024-08-27,18.46,51.6,5.82,11.02,12.83,16.53,5.41,0.61,19.76,0.86,3.75,,,0.52,0.82,32.84,68.48,3.94,171.22,0.01,0.01,106.28,830.23,-0.47
2024-08-28,18.78,45.51,8.17,13.95,16.9,18.36,5.78,0.62,17.79,1.13,5.27,,,0.52,0.96,32.76,78.7,3.69,174.71,0.02,0.02,75.48,829.37,-0.48
2024-08-29,18.24,45.36,6.68,12.2,14.4,17.32,6.05,0.63,18.53,1.0,4.38,,,0.8,1.07,32.78,71.36,4.08,173.43,0.02,0.02,108.34,828.35,-0.46
2024-08-30,18.4,46.78,8.56,13.71,16.95,19.75,5.14,0.64,17.38,1.1,4.93,,,0.42,0.75,32.72,74.1,4.16,174.54,0.11,0.09,90.44,826.92,-0.46
2024-08-31,16.32,39.95,8.71,12.12,16.32,22.83,5.23,0.53,16.27,0.91,5.31,,,0.46,0.98,32.78,75.23,4.04,184.37,0.09,0.08,100.8,827.12,-0.46
2024-09-01,14.45,37.02,6.36,11.24,13.77,21.9,5.37,0.49,17.45,0.74,3.78,,,0.35,0.65,32.76,69.66,4.08,173.32,0.1,0.08,119.44,828.76,-0.46
2024-09-02,17.09,45.47,5.64,11.29,13.11,20.78,5.64,0.5,19.13,0.75,3.53,,,0.6,0.73,32.75,71.77,4.24,195.15,0.1,0.08,155.08,829.02,-0.47
2024-09-03,21.04,45.87,8.81,12.89,16.52,21.0,6.29,0.58,17.82,0.93,4.42,,,0.62,0.94,32.41,80.4,3.94,174.12,0.31,0.26,96.85,827.77,-0.48
2024-09-04,23.07,52.97,8.09,14.56,17.26,20.97,6.62,0.62,16.97,1.03,5.69,,,0.56,0.94,32.77,79.19,3.63,207.4,0.61,0.5,107.54,829.05,-0.48
2024-09-05,23.43,64.28,7.6,11.92,15.02,20.26,6.47,0.55,17.67,0.98,4.92,,,0.48,0.87,32.79,72.04,3.98,180.81,1.09,0.91,144.39,828.69,-0.47
2024-09-06,23.26,59.32,8.4,12.86,16.3,21.93,6.2,0.62,17.26,1.15,6.08,,,0.86,1.54,32.74,78.38,3.75,204.07,0.22,0.18,87.38,828.06,-0.48
2024-09-07,21.11,52.14,10.47,11.16,17.05,20.59,6.47,0.7,17.67,1.26,6.57,,,0.56,1.24,32.69,74.7,3.82,190.83,0.16,0.13,113.42,828.4,-0.48
2024-09-08,20.49,48.4,8.88,11.59,15.96,21.02,5.94,0.64,17.62,1.07,4.98,,,0.41,0.75,32.78,76.54,3.7,199.14,0.06,0.05,88.27,818.93,-0.48
2024-09-09,18.58,57.53,7.63,12.93,16.02,21.75,5.57,0.56,17.61,0.88,4.46,,,0.46,0.77,32.87,73.57,3.78,202.16,0.06,0.05,102.5,821.08,-0.47
2024-09-10,19.68,54.2,6.44,12.26,14.09,21.55,5.81,0.51,17.81,0.81,4.2,,,0.42,0.7,32.9,68.5,4.01,177.32,0.07,0.05,153.75,823.72,-0.45
2024-09-11,23.31,59.78,5.81,11.01,13.02,20.82,5.83,0.48,19.22,0.71,3.4,,,0.32,0.5,32.9,69.04,3.99,202.07,0.06,0.05,122.59,828.53,-0.46
2024-09-12,18.13,59.31,5.54,11.73,13.06,19.35,5.71,0.46,19.87,1.01,3.32,,,0.45,0.59,32.89,69.65,3.97,185.29,0.06,0.05,155.64,827.88,-0.46
2024-09-13,20.55,63.91,9.04,12.61,15.76,23.81,6.16,0.44,19.83,1.05,3.43,,,0.5,0.73,32.84,69.95,3.74,177.23,1.03,0.61,151.32,795.05,-0.47
2024-09-14,19.64,77.75,5.08,11.07,11.78,21.07,5.85,0.4,23.39,0.74,2.69,,,0.44,0.59,32.81,71.12,4.0,177.9,0.54,0.44,150.84,794.16,-0.47
2024-09-15,20.49,66.65,4.79,11.07,11.1,21.75,5.63,0.36,22.52,0.67,2.48,,,0.37,0.47,32.8,70.34,4.2,195.68,0.01,0.01,153.77,793.89,-0.47
2024-09-16,17.24,71.27,4.74,11.37,11.78,20.96,5.37,0.43,22.18,0.71,2.42,,,0.46,0.59,32.76,65.47,4.19,204.97,0.54,0.44,157.18,794.14,-0.47
2024-09-17,17.38,47.34,4.55,12.23,11.02,24.67,4.77,0.34,17.34,0.69,2.61,,,0.37,0.47,,69.51,1.35,205.59,0.0,0.0,156.88,793.87,-0.47
2024-09-18,22.65,62.46,4.4,11.59,11.43,21.93,5.75,0.46,21.52,0.71,2.71,,,0.53,0.66,32.94,68.43,3.55,169.92,0.51,0.43,144.91,793.47,-0.47
2024-09-19,31.73,91.09,6.01,17.64,17.09,21.3,6.78,0.6,18.69,1.56,6.12,,,1.02,1.48,32.97,74.09,2.93,180.5,0.26,0.22,89.62,827.47,-0.49
2024-09-20,37.56,84.12,4.33,13.99,13.53,21.3,7.08,0.68,24.4,1.26,5.33,,,1.03,1.5,33.08,71.48,3.12,180.67,0.06,0.05,147.14,827.88,-0.48
2024-09-21,24.31,56.06,6.42,14.42,15.32,22.16,7.21,0.65,20.15,1.49,4.59,,,0.71,0.92,33.06,79.51,3.0,211.75,0.06,0.05,107.97,826.82,-0.48
2024-09-22,22.49,51.69,5.69,12.58,13.95,21.58,5.28,0.64,20.88,1.03,4.25,,,0.57,0.82,32.99,78.12,3.2,191.74,0.02,0.02,86.71,827.2,-0.48
2024-09-23,22.39,57.67,4.93,12.07,12.89,19.18,6.21,0.67,21.13,1.15,4.12,,,0.67,0.78,32.65,76.75,4.32,177.89,0.02,0.02,132.97,827.43,-0.47
2024-09-24,20.66,53.28,6.12,13.48,14.86,20.15,4.82,0.84,20.36,1.02,4.51,,,0.56,0.74,32.2,79.85,3.93,204.68,0.31,0.26,128.4,825.6,-0.47
2024-09-25,17.77,50.81,5.76,12.65,14.21,20.46,5.33,0.64,18.73,0.86,3.85,,,0.46,0.62,32.32,77.36,4.16,177.22,0.53,0.44,128.09,825.18,-0.47
2024-09-26,19.8,52.39,6.95,14.07,16.14,19.12,7.2,0.83,25.13,1.11,4.97,,,0.83,1.27,32.75,82.23,3.72,215.35,0.13,0.11,93.78,827.24,-0.49
2024-09-27,25.97,77.46,6.81,12.99,15.41,11.87,8.08,0.61,17.69,1.02,4.75,,,0.79,1.19,32.77,80.2,3.78,172.58,0.05,0.04,117.51,828.74,-0.48
2024-09-28,21.87,68.69,9.83,12.7,17.79,11.89,7.62,0.67,17.42,1.19,5.8,,,1.02,1.65,32.8,80.77,3.69,205.38,0.02,0.02,120.83,829.28,-0.49
2024-09-29,9.7,36.68,7.1,8.12,12.8,11.16,6.5,0.54,16.75,0.58,2.3,,,0.43,0.45,32.78,78.48,3.97,174.63,0.02,0.02,146.22,830.32,-0.48
2024-09-30,10.85,43.56,7.62,7.95,12.92,11.46,6.44,0.56,16.47,0.57,2.33,,,0.5,0.54,32.79,77.87,3.92,167.98,0.02,0.02,143.32,830.07,-0.48
2024-10-01,11.29,40.4,7.39,8.7,13.08,11.87,6.45,0.66,16.47,0.6,2.57,,,0.48,0.5,32.79,77.42,4.03,182.3,0.02,0.02,141.43,828.99,-0.48
2024-10-02,12.56,51.24,5.52,9.23,11.71,12.55,7.1,0.72,17.75,0.68,2.55,,,0.43,0.43,32.78,74.47,4.23,170.53,0.02,0.02,145.88,828.91,-0.47
2024-10-03,19.68,55.82,4.98,12.7,13.21,12.65,6.87,0.92,18.48,1.71,5.43,,,0.96,1.44,32.79,72.65,3.99,180.63,0.1,0.08,127.3,827.9,-0.47
2024-10-04,21.04,67.07,5.74,12.29,13.55,11.09,6.33,0.9,19.99,1.12,5.47,,,0.91,1.36,32.8,77.39,3.88,216.1,0.06,0.05,129.78,828.61,-0.48
2024-10-05,22.03,58.6,3.89,12.18,11.66,11.35,5.88,0.76,21.9,0.89,3.34,,,0.23,0.2,32.78,76.69,4.25,182.81,0.07,0.06,113.43,843.12,-0.46
2024-10-06,27.52,63.2,5.36,12.02,12.61,11.29,12.16,0.83,21.88,0.88,3.68,,,0.18,0.14,32.79,75.77,4.01,176.26,0.07,0.06,150.54,844.48,-0.48
2024-10-07,24.25,50.37,4.24,8.29,9.48,11.41,8.44,0.67,19.38,0.84,3.24,,,0.81,0.88,32.8,76.79,4.01,190.96,0.07,0.06,157.61,845.23,-0.48
2024-10-08,19.0,36.63,5.2,9.14,10.98,11.04,7.28,0.7,19.35,0.96,4.37,,,0.37,0.5,32.76,77.77,3.73,192.12,0.12,0.1,127.77,845.07,-0.49
2024-10-09,17.53,36.47,6.8,8.98,12.45,10.45,7.04,0.95,16.21,0.84,5.0,,,0.41,0.91,32.8,78.18,3.61,173.08,0.06,0.05,153.45,844.82,-0.49
2024-10-10,15.87,32.21,5.85,8.4,11.08,11.65,5.95,0.71,15.9,0.84,4.12,,,0.65,1.19,32.78,82.52,3.53,168.14,0.96,0.79,107.36,843.25,-0.48
2024-10-11,23.65,42.37,8.77,9.13,13.98,11.55,5.68,0.66,16.08,1.02,5.52,,,0.4,1.13,32.8,80.41,3.63,176.79,0.64,0.53,147.51,845.63,-0.49
2024-10-12,12.48,23.42,5.99,7.31,10.57,11.88,5.53,0.48,15.89,0.59,2.74,,,0.27,0.39,32.76,81.08,3.76,181.04,0.17,0.14,134.3,846.85,-0.48
2024-10-13,10.9,22.35,5.99,7.28,10.71,11.51,5.75,0.47,16.41,0.51,2.22,,,0.24,0.45,32.78,77.78,3.73,165.37,0.06,0.05,142.56,846.32,-0.48
2024-10-14,14.21,29.3,6.68,9.01,12.32,12.49,5.72,0.64,15.64,0.65,2.94,,,0.23,0.22,32.83,81.94,4.35,208.91,0.59,0.5,91.7,842.68,-0.43
2024-10-15,11.71,32.03,8.33,9.83,13.99,15.13,5.75,0.9,14.86,0.81,4.07,,,0.27,0.46,27.03,82.07,3.75,180.16,1.84,1.44,58.91,840.92,-0.47
2024-10-16,11.42,21.26,8.4,9.76,14.57,16.39,4.25,1.0,10.92,0.93,4.5,,,0.28,0.47,,85.22,0.94,205.3,0.28,0.14,80.6,871.2,-0.48
2024-10-17,25.66,44.55,9.65,11.57,16.44,14.1,6.33,0.78,17.22,1.26,7.59,,,0.64,1.83,33.02,77.8,3.26,198.39,1.36,0.44,143.9,869.81,-0.49
2024-10-18,28.81,58.79,8.25,12.64,15.89,14.61,7.24,0.78,18.61,1.18,7.34,,,0.44,1.14,32.92,79.57,3.01,200.59,0.42,0.35,106.99,846.33,-0.49
2024-10-19,24.77,56.91,12.3,12.7,19.11,14.11,6.84,0.6,21.57,0.87,5.89,,,0.35,0.66,32.93,79.23,3.29,173.49,0.94,0.65,134.32,845.12,-0.48
2024-10-20,19.5,39.05,13.01,10.95,19.44,13.27,7.0,0.59,20.03,0.68,4.68,,,0.29,0.53,32.86,79.39,3.55,170.62,0.44,0.37,119.85,846.31,-0.47
2024-10-21,15.68,35.72,17.79,12.33,23.94,16.36,6.48,0.6,18.26,0.82,4.94,,,0.37,0.87,32.75,76.41,3.82,173.1,0.06,0.05,148.54,846.05,-0.49
2024-10-22,22.44,54.15,20.72,12.65,26.24,17.0,7.18,0.67,16.87,0.75,4.51,,,0.41,1.24,32.54,76.78,4.46,176.11,0.01,0.01,145.58,846.19,-0.48
2024-10-23,34.79,81.36,14.12,11.45,15.23,19.19,8.91,1.05,20.15,0.94,4.97,,,0.74,2.4,32.58,75.28,4.26,175.02,0.01,0.01,146.31,844.99,-0.48
2024-10-24,45.28,109.17,7.27,15.7,17.11,17.09,8.02,1.02,21.88,1.43,10.35,,,1.91,6.88,32.6,75.23,4.12,181.47,0.02,0.01,108.03,844.93,-0.48
2024-10-25,35.14,84.65,6.76,14.48,16.12,17.24,7.2,0.93,22.24,1.34,9.59,,,1.28,4.78,32.61,72.11,4.37,174.66,0.02,0.02,128.3,844.0,-0.47
2024-10-26,41.7,94.92,6.3,13.93,15.85,17.35,8.86,0.93,24.63,1.16,6.61,,,0.89,1.6,32.58,71.23,4.4,204.51,0.01,0.01,139.01,843.76,-0.47
2024-10-27,52.79,113.97,6.28,14.88,16.09,18.29,9.2,0.9,22.65,1.35,6.31,,,0.53,1.43,32.64,71.38,4.3,179.53,0.01,0.01,125.3,844.02,-0.48
2024-10-28,62.1,122.95,6.89,14.48,16.28,18.51,9.97,0.85,23.54,1.48,6.62,,,0.78,1.86,32.65,76.9,4.43,192.2,0.02,0.02,121.29,844.13,-0.48
2024-10-29,41.1,85.4,6.3,13.0,14.92,18.11,8.83,0.77,21.7,1.06,5.92,,,0.47,1.3,32.66,79.16,4.38,170.26,0.03,0.02,104.98,844.89,-0.48
2024-10-30,67.16,127.39,11.96,15.86,20.57,18.2,9.57,0.97,20.48,1.7,9.81,,,1.31,2.84,32.53,81.52,4.21,170.03,0.17,0.14,79.16,842.68,-0.48
2024-10-31,100.23,149.92,17.59,16.05,25.93,19.11,12.14,1.38,18.13,1.65,11.19,,,0.64,1.88,32.68,80.22,4.36,174.64,0.06,0.05,96.4,844.76,-0.49
2024-11-01,47.47,96.13,9.38,12.98,17.91,16.26,8.88,0.93,17.49,1.41,6.5,,,0.24,0.47,32.63,78.82,4.5,180.63,0.09,0.08,101.88,844.96,-0.48
2024-11-02,26.36,50.29,9.16,12.33,18.15,15.36,8.56,0.9,14.66,1.02,6.68,,,0.27,0.72,32.58,79.4,4.47,201.51,0.17,0.14,134.77,846.16,-0.48
2024-11-03,32.71,55.03,10.4,11.66,18.48,15.36,9.23,0.78,14.8,1.34,6.01,,,0.41,1.26,32.58,77.82,4.63,166.49,0.03,0.03,171.0,845.68,-0.47
2024-11-04,24.6,52.4,8.94,12.43,16.93,16.35,9.91,0.86,15.4,0.76,3.28,,,0.21,0.27,32.58,75.88,4.6,171.23,0.06,0.05,130.2,845.41,-0.46
2024-11-05,55.19,105.62,7.51,15.36,18.63,17.33,12.33,0.91,18.67,0.99,4.48,,,0.24,0.31,32.69,74.0,4.79,169.67,0.05,0.05,127.79,844.59,-0.45
2024-11-06,33.96,79.94,7.46,14.15,17.48,16.15,9.16,0.79,18.44,0.91,5.1,,,0.21,0.33,32.73,80.32,4.72,171.03,0.09,0.07,102.16,842.96,-0.48
2024-11-07,18.91,40.75,10.15,13.51,19.25,15.95,9.03,0.84,17.48,1.07,5.9,,,0.28,0.67,29.85,84.54,4.32,200.37,0.62,0.52,73.2,842.4,-0.48
2024-11-08,16.53,39.47,6.78,11.06,15.1,14.67,7.6,0.73,18.0,0.95,5.08,,,0.2,0.21,32.7,78.79,4.71,170.11,1.11,0.92,127.25,845.45,-0.45
2024-11-09,31.04,64.21,6.75,13.3,16.11,16.15,12.42,0.81,17.81,0.83,3.98,,,0.21,0.22,32.69,78.59,4.66,185.82,0.37,0.31,112.04,845.05,-0.45
2024-11-10,38.6,83.06,6.99,14.85,18.45,19.71,9.09,0.76,19.11,0.87,3.56,,,0.21,0.24,32.72,75.12,4.84,182.23,0.05,0.04,124.02,844.98,-0.44
2024-11-11,47.42,97.51,5.64,15.05,17.06,19.98,9.23,0.85,20.68,0.87,2.79,,,0.22,0.21,32.74,77.63,5.04,131.61,0.18,0.13,105.98,844.18,-0.42
2024-11-12,17.67,36.24,8.11,12.6,17.35,16.44,7.17,0.72,15.02,0.69,2.67,,,0.24,0.36,32.02,84.39,4.35,191.96,0.41,0.34,72.45,842.15,-0.46
2024-11-13,13.65,33.89,8.08,12.02,16.82,14.28,8.22,0.61,13.81,0.71,2.7,,,0.23,0.28,32.72,83.01,4.38,137.55,0.11,0.09,82.66,844.22,-0.47
2024-11-14,17.54,35.89,9.18,11.94,17.45,14.43,7.18,0.71,13.79,0.61,2.47,,,0.29,0.43,29.92,81.65,4.34,178.01,0.62,0.52,116.61,844.44,-0.46
2024-11-15,17.46,38.24,10.56,12.66,19.23,15.59,8.17,0.78,13.53,0.68,2.76,,,0.25,0.29,30.36,81.97,4.38,197.58,0.32,0.26,113.66,845.87,-0.47
2024-11-16,30.29,65.03,7.98,12.86,16.84,16.07,13.08,0.74,15.27,0.68,2.78,,,0.22,0.3,32.43,81.56,4.46,176.53,0.11,0.09,114.56,845.19,-0.46
2024-11-17,58.7,115.76,4.38,11.56,13.28,17.14,6.93,0.66,20.68,0.77,1.85,,,0.3,0.15,32.75,76.81,4.69,165.04,0.05,0.05,121.44,845.81,-0.44
2024-11-18,52.68,113.08,3.95,11.8,13.22,14.73,8.9,0.75,22.44,0.71,1.27,,,0.22,0.17,32.72,75.06,4.83,156.05,0.06,0.05,118.43,845.15,-0.44
2024-11-19,50.39,112.32,4.68,12.97,14.87,15.08,8.2,0.72,20.32,0.75,1.77,,,0.22,0.22,32.72,73.76,4.71,156.41,0.05,0.05,111.24,844.09,-0.44
2024-11-20,44.96,103.55,4.69,12.5,14.94,15.07,8.96,0.82,20.68,0.7,1.66,,,0.21,0.11,32.84,70.23,4.44,151.19,0.06,0.05,120.18,844.0,-0.45
2024-11-21,52.47,112.0,4.65,12.77,15.02,15.3,9.56,0.74,20.61,0.77,1.83,,,0.23,0.18,32.91,70.65,4.34,174.72,0.05,0.04,109.55,843.7,-0.45
2024-11-22,58.5,116.98,5.78,14.25,16.74,15.65,8.82,0.76,18.97,0.85,2.14,,,0.26,0.3,32.89,74.36,4.3,172.75,0.05,0.05,117.91,843.71,-0.44
2024-11-23,57.87,108.5,5.69,14.3,16.63,14.95,10.09,0.76,18.1,0.86,2.17,,,0.23,0.25,32.91,78.95,4.28,181.4,0.04,0.03,107.89,844.13,-0.44
2024-11-24,40.46,78.24,6.31,12.49,16.16,16.36,7.35,0.72,17.72,0.91,3.91,,,0.22,0.17,32.88,76.04,4.47,179.06,0.05,0.04,106.33,843.82,-0.44
2024-11-25,60.09,111.6,5.4,14.6,16.48,16.62,7.22,0.83,19.05,0.88,3.03,,,0.22,0.24,32.9,77.44,4.52,170.67,0.05,0.04,98.49,842.84,-0.43
2024-11-26,61.08,94.52,6.33,14.72,17.05,15.85,7.39,1.03,17.03,1.05,3.31,,,0.21,0.22,32.81,84.3,4.69,177.68,0.91,0.76,73.74,840.59,-0.43
2024-11-27,51.44,98.67,4.13,15.73,16.14,16.47,7.31,0.8,22.41,0.85,2.09,,,0.18,0.16,32.78,76.88,5.81,134.14,0.56,0.47,88.26,842.35,-0.38
2024-11-28,62.89,117.84,6.41,15.41,18.25,17.43,7.94,0.87,25.59,0.94,1.8,,,0.21,0.18,32.52,77.39,5.98,170.4,0.6,0.5,90.99,839.46,-0.37
2024-11-29,47.24,74.68,5.63,14.05,15.81,16.13,6.97,0.9,21.09,0.95,2.26,,,0.18,0.15,20.14,84.59,5.54,189.64,0.7,0.57,84.95,840.02,-0.4
2024-11-30,19.33,32.1,4.8,12.65,12.31,12.91,6.21,0.77,19.97,0.8,2.03,,,0.19,0.14,11.66,85.29,5.98,167.18,2.14,1.64,70.18,838.58,-0.36
2024-12-01,9.46,24.22,23.72,10.89,7.77,11.57,6.58,0.54,18.35,0.96,1.48,,,0.27,0.2,33.57,81.38,2.6,185.06,0.08,0.05,63.91,798.16,-0.49
2024-12-02,27.37,54.7,6.29,13.03,15.37,12.86,7.94,0.73,16.55,1.07,2.76,,,0.6,1.2,,86.99,1.25,230.47,0.02,0.02,88.76,842.15,-0.48
2024-12-03,24.01,47.65,6.02,12.4,15.48,12.97,7.95,0.63,18.85,1.5,6.43,,,0.3,0.77,33.58,81.61,2.02,170.26,0.07,0.06,116.52,844.0,-0.48
2024-12-04,18.74,35.71,9.9,11.97,17.94,12.69,7.81,0.58,20.83,0.75,4.22,,,0.28,0.77,32.31,81.03,1.92,194.19,0.32,0.27,125.08,844.47,-0.47
2024-12-05,15.5,31.89,14.07,12.84,19.86,13.95,8.77,0.78,17.85,0.76,4.81,,,0.26,0.68,31.3,80.0,1.72,187.47,0.09,0.08,122.42,845.82,-0.48
2024-12-06,18.2,46.67,15.17,12.77,20.11,13.73,8.77,0.9,17.29,0.95,4.9,,,0.46,0.9,33.07,81.0,1.8,188.19,0.05,0.04,118.15,845.31,-0.48
2024-12-07,19.66,43.23,11.15,12.78,18.03,13.71,7.41,0.58,15.24,0.85,3.8,,,0.26,0.61,32.36,78.82,2.59,169.94,0.04,0.04,122.98,804.38,-0.48
2024-12-08,25.0,53.0,10.63,13.59,18.51,13.74,7.83,0.53,14.81,0.98,4.18,,,0.3,0.74,32.51,78.37,3.09,185.26,0.05,0.04,123.85,804.64,-0.48
2024-12-09,44.91,84.91,6.59,14.52,16.88,15.21,9.5,0.73,15.53,1.77,4.44,,,0.26,0.68,32.88,79.13,3.18,183.94,0.05,0.04,113.67,803.72,-0.48
2024-12-10,45.15,85.01,5.79,14.6,17.07,15.56,8.25,0.74,18.11,1.49,4.42,,,0.16,0.3,31.85,80.28,3.94,139.36,0.06,0.05,105.61,803.19,-0.42
2024-12-11,31.97,55.8,7.34,15.52,18.39,16.67,7.76,0.71,18.54,1.59,5.44,,,0.2,0.34,29.85,84.27,3.93,139.42,0.26,0.22,78.03,801.26,-0.43
2024-12-12,30.8,52.81,10.68,13.07,16.43,16.59,7.22,0.62,22.02,3.28,12.58,,,0.22,0.52,,84.95,3.76,158.53,1.03,0.81,73.99,801.78,-0.45
2024-12-13,46.43,81.9,32.71,16.54,30.19,24.45,8.0,0.7,21.41,2.01,7.04,,,0.16,0.2,,82.8,1.88,137.83,0.0,0.0,97.26,844.72,-0.44
2024-12-14,43.35,80.41,8.91,13.05,19.01,14.61,8.21,0.67,20.72,1.97,6.44,,,0.14,0.17,32.75,76.52,4.69,123.46,0.0,0.0,113.35,845.2,-0.44
2024-12-15,42.01,81.1,5.07,12.96,14.53,14.04,8.28,0.74,19.6,2.03,6.63,,,0.14,0.15,32.72,73.87,4.81,138.12,0.0,0.0,115.45,845.03,-0.44
2024-12-16,44.76,87.49,4.31,13.6,14.51,14.19,7.76,0.71,20.82,1.78,5.61,,,0.16,0.22,32.71,73.84,4.98,134.97,0.0,0.0,124.1,844.24,-0.42
2024-12-17,53.87,101.57,6.18,14.65,15.25,16.26,9.63,0.69,23.04,1.69,7.09,,,0.15,0.19,32.76,78.83,5.19,158.14,0.25,0.2,92.22,841.12,-0.4
2024-12-18,49.54,80.14,6.39,14.25,16.28,16.44,7.96,0.66,15.87,1.74,6.72,,,0.16,0.19,29.21,84.61,4.75,209.2,0.76,0.52,78.92,841.3,-0.42
2024-12-19,36.4,62.78,8.88,15.28,20.24,17.3,6.96,0.68,14.14,2.28,6.74,,,0.16,0.24,,88.64,1.58,197.84,0.08,0.06,78.09,842.45,-0.44
2024-12-20,20.77,39.06,17.5,15.36,20.53,17.43,7.31,0.7,26.95,1.78,9.32,,,0.18,0.27,32.73,83.88,4.44,201.42,1.18,0.35,101.54,843.34,-0.43
2024-12-21,21.97,47.12,9.02,14.97,19.85,16.35,8.31,0.83,14.08,1.79,7.53,,,0.19,0.33,33.01,81.41,3.68,162.04,1.11,0.92,118.57,844.48,-0.44
2024-12-22,15.59,38.74,7.81,13.13,16.93,14.28,6.8,0.61,15.88,1.26,4.53,,,0.18,0.26,32.68,80.02,3.75,161.4,1.11,0.92,115.39,844.51,-0.44
2024-12-23,20.06,47.94,8.64,13.71,15.38,14.58,7.76,0.65,16.18,1.13,3.49,,,0.18,0.24,32.82,77.83,4.42,160.52,1.11,0.92,130.15,844.33,-0.4
2024-12-24,14.24,26.99,7.13,13.58,16.81,17.49,7.09,0.68,17.29,1.32,6.84,,,0.16,0.18,32.79,83.0,4.6,196.26,1.1,0.92,93.28,841.42,-0.4
2024-12-25,24.69,42.81,6.97,11.76,15.57,23.67,7.82,0.76,14.34,1.51,10.14,,,0.14,0.18,27.67,84.65,4.38,190.48,0.49,0.41,89.89,842.42,-0.42
2024-12-26,16.74,32.35,7.4,10.32,13.89,19.69,7.31,0.64,14.98,2.47,9.47,,,0.28,0.64,27.18,83.48,3.88,174.38,0.31,0.25,113.93,845.94,-0.45
2024-12-27,20.59,42.71,6.83,11.76,14.6,19.22,7.37,0.66,15.38,2.12,9.81,,,0.3,0.84,31.26,81.34,3.95,160.16,0.41,0.34,119.33,847.4,-0.45
2024-12-28,30.23,61.31,6.7,12.59,15.53,19.27,7.32,0.66,16.45,1.68,6.21,,,0.16,0.18,32.98,79.2,3.76,153.87,0.14,0.12,119.71,847.0,-0.45
2024-12-29,47.87,82.11,6.98,13.13,16.45,20.15,7.51,0.73,20.78,1.43,4.51,,,0.16,0.18,32.92,81.84,4.5,126.47,0.14,0.12,101.51,845.75,-0.4
2024-12-30,47.63,84.98,5.0,11.66,13.43,11.95,7.66,0.73,18.01,1.55,5.15,,,0.15,0.2,32.97,81.81,4.21,126.44,0.14,0.12,112.43,845.44,-0.42
2024-12-31,54.84,99.51,5.86,12.08,14.09,12.37,8.44,0.73,18.9,1.65,4.77,,,0.16,0.26,31.78,81.17,4.38,127.57,0.14,0.12,116.73,845.6,-0.44
